-- UniqueAbility
-- Author: stanr
-- DateCreated: 8/1/2024 6:18:46 PM
--------------------------------------------------------------

INSERT INTO	Types
		(Type,										Kind			)
VALUES	('TRAIT_LEADER_SR_MISSING_PERSON_POSTER',	'KIND_TRAIT'	);


INSERT INTO	Traits
		(TraitType,									Name,												Description												)
VALUES	('TRAIT_LEADER_SR_MISSING_PERSON_POSTER',	'LOC_TRAIT_LEADER_SR_MISSING_PERSON_POSTER_NAME',	'LOC_TRAIT_LEADER_SR_MISSING_PERSON_POSTER_DESCRIPTION'	);
		

INSERT INTO	LeaderTraits
		(LeaderType,			TraitType								)
VALUES	('LEADER_SR_AMBER',		'TRAIT_LEADER_SR_MISSING_PERSON_POSTER'	);


INSERT INTO Requirements
		(RequirementID,							RequirementType								)
VALUES	('REQUIRES_GAME_ERA_AFTER_ANCIENT',		'REQUIREMENT_GAME_ERA_ATLEAST_EXPANSION'	),
		('REQUIRES_GAME_ERA_AFTER_CLASSICAL',	'REQUIREMENT_GAME_ERA_ATLEAST_EXPANSION'	),
		('REQUIRES_GAME_ERA_AFTER_MEDIEVAL',	'REQUIREMENT_GAME_ERA_ATLEAST_EXPANSION'	);

INSERT INTO RequirementArguments
		(RequirementID,							Name,		Value				)
VALUES	('REQUIRES_GAME_ERA_AFTER_ANCIENT',		'EraType',	'ERA_CLASSICAL'		),
		('REQUIRES_GAME_ERA_AFTER_CLASSICAL',	'EraType',	'ERA_MEDIEVAL'		),
		('REQUIRES_GAME_ERA_AFTER_MEDIEVAL',	'EraType',	'ERA_RENAISSANCE'	);

INSERT INTO RequirementSets
		(RequirementSetId,					RequirementSetType			)
VALUES	('AFTER_ANCIENT_REQUIREMENT',		'REQUIREMENTSET_TEST_ALL'	),
		('AFTER_CLASSICAL_REQUIREMENT',		'REQUIREMENTSET_TEST_ALL'	),
		('AFTER_MEDIEVAL_REQUIREMENT',		'REQUIREMENTSET_TEST_ALL'	),
		('AFTER_RENAISSANCE_REQUIREMENT',	'REQUIREMENTSET_TEST_ALL'	),
		('AFTER_INDUSTRIAL_REQUIREMENT',	'REQUIREMENTSET_TEST_ALL'	),
		('AFTER_MODERN_REQUIREMENT',		'REQUIREMENTSET_TEST_ALL'	),
		('AFTER_ATOMIC_REQUIREMENT',		'REQUIREMENTSET_TEST_ALL'	),
		('AFTER_INFORMATION_REQUIREMENT',	'REQUIREMENTSET_TEST_ALL'	),
		('AFTER_FUTURE_REQUIREMENT',		'REQUIREMENTSET_TEST_ALL'	);

INSERT INTO RequirementSetRequirements
		(RequirementSetId,					RequirementId							)
VALUES	('AFTER_ANCIENT_REQUIREMENT',		'REQUIRES_GAME_ERA_AFTER_ANCIENT'		),
		('AFTER_CLASSICAL_REQUIREMENT',		'REQUIRES_GAME_ERA_AFTER_CLASSICAL'		),
		('AFTER_MEDIEVAL_REQUIREMENT',		'REQUIRES_GAME_ERA_AFTER_MEDIEVAL'		),
		('AFTER_RENAISSANCE_REQUIREMENT',	'REQUIRES_GAME_ERA_AFTER_RENAISSANCE'	),
		('AFTER_INDUSTRIAL_REQUIREMENT',	'REQUIRES_GAME_ERA_AFTER_INDUSTRIAL'	),
		('AFTER_MODERN_REQUIREMENT',		'REQUIRES_GAME_ERA_AFTER_MODERN'		),
		('AFTER_ATOMIC_REQUIREMENT',		'REQUIRES_GAME_ERA_AFTER_ATOMIC'		),
		('AFTER_INFORMATION_REQUIREMENT',	'REQUIRES_GAME_ERA_AFTER_INFORMATION'	);

INSERT INTO Modifiers
		(ModifierId,										ModifierType,														Permanent,	SubjectRequirementSetID			)
VALUES	('TRAIT_DOMESTIC_TRADE_FAITH_BONUS_ANCIENT',		'MODIFIER_PLAYER_ADJUST_TRADE_ROUTE_YIELD_FOR_DOMESTIC',			1,			NULL							),
		('TRAIT_DOMESTIC_TRADE_FAITH_BONUS_CLASSICAL',		'MODIFIER_PLAYER_ADJUST_TRADE_ROUTE_YIELD_FOR_DOMESTIC',			1,			'AFTER_ANCIENT_REQUIREMENT'		), -- modifier play but subject game? player_has_tech
		('TRAIT_DOMESTIC_TRADE_FAITH_BONUS_MEDIEVAL',		'MODIFIER_PLAYER_ADJUST_TRADE_ROUTE_YIELD_FOR_DOMESTIC',			1,			'AFTER_CLASSICAL_REQUIREMENT'	),
		('TRAIT_DOMESTIC_TRADE_FAITH_BONUS_RENAISSANCE',	'MODIFIER_PLAYER_ADJUST_TRADE_ROUTE_YIELD_FOR_DOMESTIC',			1,			'AFTER_MEDIEVAL_REQUIREMENT'	),
		('TRAIT_DOMESTIC_TRADE_FAITH_BONUS_INDUSTRIAL',		'MODIFIER_PLAYER_ADJUST_TRADE_ROUTE_YIELD_FOR_DOMESTIC',			1,			'AFTER_RENAISSANCE_REQUIREMENT'	),
		('TRAIT_DOMESTIC_TRADE_FAITH_BONUS_MODERN',			'MODIFIER_PLAYER_ADJUST_TRADE_ROUTE_YIELD_FOR_DOMESTIC',			1,			'AFTER_INDUSTRIAL_REQUIREMENT'	),
		('TRAIT_DOMESTIC_TRADE_FAITH_BONUS_ATOMIC',			'MODIFIER_PLAYER_ADJUST_TRADE_ROUTE_YIELD_FOR_DOMESTIC',			1,			'AFTER_MODERN_REQUIREMENT'		),
		('TRAIT_DOMESTIC_TRADE_FAITH_BONUS_INFORMATION',	'MODIFIER_PLAYER_ADJUST_TRADE_ROUTE_YIELD_FOR_DOMESTIC',			1,			'AFTER_ATOMIC_REQUIREMENT'		),
		('TRAIT_DOMESTIC_TRADE_FAITH_BONUS_FUTURE',			'MODIFIER_PLAYER_ADJUST_TRADE_ROUTE_YIELD_FOR_DOMESTIC',			1,			'AFTER_INFORMATION_REQUIREMENT'	),
		('TRAIT_PATRONAGE_FAITH_DISCOUNT',					'MODIFIER_PLAYER_ADJUST_GREAT_PERSON_PATRONAGE_DISCOUNT_PERCENT',	1,			NULL							),
		('TRAIT_PATRONAGE_GOLD_DISCOUNT',					'MODIFIER_PLAYER_ADJUST_GREAT_PERSON_PATRONAGE_DISCOUNT_PERCENT',	1,			NULL							);


INSERT INTO TraitModifiers 
		(TraitType,									ModifierId										)
VALUES	('TRAIT_LEADER_SR_MISSING_PERSON_POSTER',	'TRAIT_DOMESTIC_TRADE_FAITH_BONUS_ANCIENT'		),
		('TRAIT_LEADER_SR_MISSING_PERSON_POSTER',	'TRAIT_DOMESTIC_TRADE_FAITH_BONUS_CLASSICAL'	),
		('TRAIT_LEADER_SR_MISSING_PERSON_POSTER',	'TRAIT_DOMESTIC_TRADE_FAITH_BONUS_MEDIEVAL'		),
		('TRAIT_LEADER_SR_MISSING_PERSON_POSTER',	'TRAIT_DOMESTIC_TRADE_FAITH_BONUS_RENAISSANCE'	),
		('TRAIT_LEADER_SR_MISSING_PERSON_POSTER',	'TRAIT_DOMESTIC_TRADE_FAITH_BONUS_INDUSTRIAL'	),
		('TRAIT_LEADER_SR_MISSING_PERSON_POSTER',	'TRAIT_DOMESTIC_TRADE_FAITH_BONUS_MODERN'		),
		('TRAIT_LEADER_SR_MISSING_PERSON_POSTER',	'TRAIT_DOMESTIC_TRADE_FAITH_BONUS_ATOMIC'		),
		('TRAIT_LEADER_SR_MISSING_PERSON_POSTER',	'TRAIT_DOMESTIC_TRADE_FAITH_BONUS_INFORMATION'	),
		('TRAIT_LEADER_SR_MISSING_PERSON_POSTER',	'TRAIT_DOMESTIC_TRADE_FAITH_BONUS_FUTURE'		),
		('TRAIT_LEADER_SR_MISSING_PERSON_POSTER',	'TRAIT_PATRONAGE_FAITH_DISCOUNT'				),
		('TRAIT_LEADER_SR_MISSING_PERSON_POSTER',	'TRAIT_PATRONAGE_GOLD_DISCOUNT'					);


INSERT INTO ModifierArguments 
		(ModifierId,										Name,			Value			)
VALUES	('TRAIT_DOMESTIC_TRADE_FAITH_BONUS_ANCIENT',		'YieldType',	'YIELD_FAITH'	),
		('TRAIT_DOMESTIC_TRADE_FAITH_BONUS_ANCIENT',		'Amount',		2				),
		('TRAIT_DOMESTIC_TRADE_FAITH_BONUS_CLASSICAL',		'YieldType',	'YIELD_FAITH'	),
		('TRAIT_DOMESTIC_TRADE_FAITH_BONUS_CLASSICAL',		'Amount',		2				),
		('TRAIT_DOMESTIC_TRADE_FAITH_BONUS_MEDIEVAL',		'YieldType',	'YIELD_FAITH'	),
		('TRAIT_DOMESTIC_TRADE_FAITH_BONUS_MEDIEVAL',		'Amount',		2				),
		('TRAIT_DOMESTIC_TRADE_FAITH_BONUS_RENAISSANCE',	'YieldType',	'YIELD_FAITH'	),
		('TRAIT_DOMESTIC_TRADE_FAITH_BONUS_RENAISSANCE',	'Amount',		2				),
		('TRAIT_DOMESTIC_TRADE_FAITH_BONUS_INDUSTRIAL',		'YieldType',	'YIELD_FAITH'	),
		('TRAIT_DOMESTIC_TRADE_FAITH_BONUS_INDUSTRIAL',		'Amount',		2				),
		('TRAIT_DOMESTIC_TRADE_FAITH_BONUS_MODERN',			'YieldType',	'YIELD_FAITH'	),
		('TRAIT_DOMESTIC_TRADE_FAITH_BONUS_MODERN',			'Amount',		2				),
		('TRAIT_DOMESTIC_TRADE_FAITH_BONUS_ATOMIC',			'YieldType',	'YIELD_FAITH'	),
		('TRAIT_DOMESTIC_TRADE_FAITH_BONUS_ATOMIC',			'Amount',		2				),
		('TRAIT_DOMESTIC_TRADE_FAITH_BONUS_INFORMATION',	'YieldType',	'YIELD_FAITH'	),
		('TRAIT_DOMESTIC_TRADE_FAITH_BONUS_INFORMATION',	'Amount',		2				),
		('TRAIT_DOMESTIC_TRADE_FAITH_BONUS_FUTURE',			'YieldType',	'YIELD_FAITH'	),
		('TRAIT_DOMESTIC_TRADE_FAITH_BONUS_FUTURE',			'Amount',		2				),
		('TRAIT_PATRONAGE_FAITH_DISCOUNT',					'YieldType',	'YIELD_FAITH'	),
		('TRAIT_PATRONAGE_FAITH_DISCOUNT',					'Amount',		50				),
		('TRAIT_PATRONAGE_GOLD_DISCOUNT',					'YieldType',	'YIELD_GOLD'	),
		('TRAIT_PATRONAGE_GOLD_DISCOUNT',					'Amount',		50				);
